{
  "generated_at": "2026-03-14T02:32:01.423311",
  "second_stage_requirements": {
    "schema": "timestamp_ns,accel_x,accel_y,accel_z,gyro_x,gyro_y,gyro_z",
    "single_key_gate_hz": 190.0,
    "free_type_gate_hz": 150.0,
    "timing_model": "monotonic timestamp_ns aligned to key events in the collector"
  },
  "short_runs": [
    {
      "csv": "/Users/shiyi/\u6743\u9650\u95ee\u9898/results/phase2_compat_20260314_023020/short_run_1.csv",
      "rows": 1600,
      "duration_sec": 7.995909667,
      "effective_hz": 199.9772466914239,
      "median_hz": 197.8793664060991,
      "p10_hz": 193.8516836891061,
      "p90_hz": 211.0112863606736,
      "min_hz": 131.0107914899058,
      "max_hz": 394.8472434726815,
      "gate_190_pass": true,
      "gate_150_pass": true,
      "window_5s_min_hz": 120.0,
      "window_5s_max_hz": 200.0,
      "label": "short_run_1",
      "exit_code": 0
    },
    {
      "csv": "/Users/shiyi/\u6743\u9650\u95ee\u9898/results/phase2_compat_20260314_023020/short_run_2.csv",
      "rows": 1600,
      "duration_sec": 7.996893875,
      "effective_hz": 199.95263473469566,
      "median_hz": 197.75547535472387,
      "p10_hz": 192.98034012784947,
      "p90_hz": 212.56994082477985,
      "min_hz": 134.1404114757122,
      "max_hz": 396.71378171776274,
      "gate_190_pass": true,
      "gate_150_pass": true,
      "window_5s_min_hz": 120.0,
      "window_5s_max_hz": 200.0,
      "label": "short_run_2",
      "exit_code": 0
    },
    {
      "csv": "/Users/shiyi/\u6743\u9650\u95ee\u9898/results/phase2_compat_20260314_023020/short_run_3.csv",
      "rows": 1600,
      "duration_sec": 7.997086042,
      "effective_hz": 199.9478299473322,
      "median_hz": 198.5670212345587,
      "p10_hz": 193.71867205850305,
      "p90_hz": 210.8666323375789,
      "min_hz": 132.98977641093842,
      "max_hz": 421.7554982155525,
      "gate_190_pass": true,
      "gate_150_pass": true,
      "window_5s_min_hz": 120.0,
      "window_5s_max_hz": 200.0,
      "label": "short_run_3",
      "exit_code": 0
    },
    {
      "csv": "/Users/shiyi/\u6743\u9650\u95ee\u9898/results/phase2_compat_20260314_023020/short_run_4.csv",
      "rows": 1600,
      "duration_sec": 7.995452792,
      "effective_hz": 199.9886737621551,
      "median_hz": 198.56536523616867,
      "p10_hz": 193.05641706981672,
      "p90_hz": 212.4946876328092,
      "min_hz": 132.94409076146255,
      "max_hz": 464.7291488810949,
      "gate_190_pass": true,
      "gate_150_pass": true,
      "window_5s_min_hz": 120.0,
      "window_5s_max_hz": 200.0,
      "label": "short_run_4",
      "exit_code": 0
    },
    {
      "csv": "/Users/shiyi/\u6743\u9650\u95ee\u9898/results/phase2_compat_20260314_023020/short_run_5.csv",
      "rows": 1600,
      "duration_sec": 7.995101833,
      "effective_hz": 199.99745261531055,
      "median_hz": 198.01654745080427,
      "p10_hz": 193.6592851493539,
      "p90_hz": 211.7447620168858,
      "min_hz": 81.22597284956876,
      "max_hz": 431.63151099948163,
      "gate_190_pass": true,
      "gate_150_pass": true,
      "window_5s_min_hz": 120.0,
      "window_5s_max_hz": 200.0,
      "label": "short_run_5",
      "exit_code": 0
    }
  ],
  "long_run": {
    "csv": "/Users/shiyi/\u6743\u9650\u95ee\u9898/results/phase2_compat_20260314_023020/long_run.csv",
    "rows": 11999,
    "duration_sec": 59.997302958,
    "effective_hz": 199.9756557123739,
    "median_hz": 198.4725946098756,
    "p10_hz": 193.6153705213379,
    "p90_hz": 211.13674551091944,
    "min_hz": 65.58452205279553,
    "max_hz": 487.2603349135186,
    "gate_190_pass": true,
    "gate_150_pass": true,
    "window_5s_min_hz": 199.8,
    "window_5s_max_hz": 200.0,
    "label": "long_run",
    "exit_code": 0
  }
}